<?xml version="1.0"?>
<Config xmlns:xsi="http://www.w3.org/2001/XMLSchema-instance" xmlns:xsd="http://www.w3.org/2001/XMLSchema">
  <domain>127.0.0.1</domain>
  <port>443</port>
  <maxTime>0</maxTime>
  <injectType>UnKnow</injectType>
  <dbType>UnKnow</dbType>
  <timeOut>10</timeOut>
  <threadSize>15</threadSize>
  <reTry>1</reTry>
  <encoding>自动识别</encoding>
  <request>GET /mysql.jsp?id=1 HTTP/1.1
User-Agent: Mozilla/5.0 (Windows NT 10.0; Win64; x64) AppleWebKit/537.36 (KHTML, like Gecko) Chrome/42.0.2311.135 Safari/537.36 Edge/12.10240
Accept-Encoding: gzip, deflate
Host: 127.0.0.1:8090
Connection: Close
Cookie: JSESSIONID=2F6D5F1AC8C376FF0AB48A08282A6CED</request>
  <key>66666C6A66</key>
  <db_encoding>UTF-8</db_encoding>
  <useCode>false</useCode>
  <columnsCount>5</columnsCount>
  <showColumn>1</showColumn>
  <reverseKey>false</reverseKey>
  <keyType>Key</keyType>
  <isMuStr>true</isMuStr>
  <is_foward_302>false</is_foward_302>
  <isOpenInfoLog>true</isOpenInfoLog>
  <isOpenHTTPLog>true</isOpenHTTPLog>
  <isAutoCheckUpdate>true</isAutoCheckUpdate>
  <isSavaConfigWhenClose>true</isSavaConfigWhenClose>
  <useSSL>false</useSSL>
  <isOpenURLEncoding>true</isOpenURLEncoding>
  <redirectDoGet>false</redirectDoGet>
  <maxClolumns>30</maxClolumns>
  <urlencodeCount>1</urlencodeCount>
  <unionFill>1</unionFill>
  <readFileEncoding>UTF-8</readFileEncoding>
  <showCmdResult>true</showCmdResult>
  <reaplaceBeforURLEncode>true</reaplaceBeforURLEncode>
  <inculdeStr>false</inculdeStr>
  <keyReplace>0</keyReplace>
  <randIPToHeader>X-Forwarded-For</randIPToHeader>
  <sendHTTPSleepTime>0</sendHTTPSleepTime>
  <replaceStrs />
  <base64>false</base64>
  <base64Count>1</base64Count>
  <level>0</level>
  <linkCount>1</linkCount>
  <maxSpiderCount>5</maxSpiderCount>
  <maxScanCount>5</maxScanCount>
</Config>